{
  "project_info": {
    "project_number": "276824623767",
    "firebase_url": "https://board-gamer-app-e8cc0.firebaseio.com",
    "project_id": "board-gamer-app-e8cc0",
    "storage_bucket": "board-gamer-app-e8cc0.appspot.com"
  },
  "client": [
    {
      "client_info": {
        "mobilesdk_app_id": "1:276824623767:android:664f191b75e5482d3677d2",
        "android_client_info": {
          "package_name": "com.example.myapplication"
        }
      },
      "oauth_client": [
        {
          "client_id": "276824623767-4d9spgmihge7h49tov4ftokttg3tu6jq.apps.googleusercontent.com",
          "client_type": 3
        }
      ],
      "api_key": [
        {
          "current_key": "AIzaSyAj31P0kgYXz2jWaMt-W0gF0DpwsY9zQMU"
        }
      ],
      "services": {
        "appinvite_service": {
          "other_platform_oauth_client": [
            {
              "client_id": "276824623767-4d9spgmihge7h49tov4ftokttg3tu6jq.apps.googleusercontent.com",
              "client_type": 3
            }
          ]
        }
      }
    }
  ],
  "configuration_version": "1"
}